Country,Year,GDP_Growth,Internet_Adoption,Mobile_Subscriptions,Robot_Density,AI_Patents,AI_Investment,Manufacturing_GDP_Share,IT_GDP_Share,Finance_GDP_Share,Advanced_Economy,Tech1_Index,Tech2_Index,Tech3_Index,Tech_Wave,Tech1_Period,Tech2_Period,Tech3_Period,Composite_Tech_Index,Recession
United States,1990,1.9,0.8,2.1,42.0,0.2,0.1,17.9,3.5,6.8,1,0.008,0.014,0.000990875195026966,0,0,0,0,0.006295437597513482,0
United States,1991,-0.1,1.2,3.0,47.0,0.3,0.1,17.4,3.8,7.0,1,0.012,0.02,0.0013542472880502217,0,0,0,0,0.009077123644025112,0
United States,1992,3.6,2.3,5.2,51.0,0.4,0.2,17.2,4.1,7.2,1,0.023,0.034666666666666665,0.001981750390053932,0,0,0,0,0.015990875195026965,0
United States,1993,2.7,5.0,6.2,55.0,0.5,0.2,16.9,4.4,7.4,1,0.05,0.04133333333333333,0.0023451224830771875,0,0,0,0,0.023572561241538597,0
United States,1994,4.0,8.9,9.1,59.0,0.6,0.3,16.8,4.7,7.6,1,0.08900000000000001,0.06066666666666667,0.002972625585080898,0,0,0,0,0.03748631279254045,0
United States,1995,2.7,14.0,12.7,64.0,0.7,0.3,16.6,5.0,7.8,1,0.14,0.08466666666666667,0.0033359976781041534,1,1,0,0,0.05506799883905208,0
United States,1996,3.8,16.4,16.3,68.0,0.9,0.4,16.3,5.4,8.0,1,0.16399999999999998,0.10866666666666668,0.00432687287313112,1,1,0,0,0.06756343643656557,0
United States,1997,4.5,22.0,20.3,74.0,1.1,0.5,16.0,5.9,8.3,1,0.22,0.13533333333333333,0.005317748068158086,1,1,0,0,0.08725887403407905,0
United States,1998,4.5,30.1,25.1,79.0,1.3,0.6,15.8,6.5,8.5,1,0.301,0.16733333333333333,0.006308623263185052,1,1,0,0,0.11355431163159252,0
United States,1999,4.8,35.9,30.6,86.0,1.5,0.7,15.5,7.2,8.7,1,0.359,0.20400000000000001,0.0072994984582120176,1,1,0,0,0.13664974922910603,0
United States,2000,4.1,43.1,38.5,93.0,1.8,0.9,15.1,7.6,8.9,1,0.431,0.25666666666666665,0.008917876755242693,1,1,0,0,0.16765893837762136,0
United States,2001,1.0,49.1,44.7,98.0,2.1,1.1,14.7,7.4,8.7,1,0.491,0.29800000000000004,0.010536255052273371,1,1,0,0,0.1928681275261367,1
United States,2002,1.7,59.0,54.8,103.0,2.5,1.3,14.1,7.2,8.6,1,0.59,0.3653333333333333,0.012518005442327302,1,1,0,0,0.2338590027211636,0
United States,2003,2.8,62.0,62.5,108.0,3.0,1.6,13.8,7.1,8.8,1,0.62,0.4166666666666667,0.015127258934384944,2,0,1,0,0.25656362946719247,0
United States,2004,3.9,65.0,68.3,113.0,3.6,1.9,13.4,7.3,9.1,1,0.65,0.4553333333333333,0.018099884519465842,2,0,1,0,0.27564994225973294,0
United States,2005,3.5,68.0,76.5,125.0,4.3,2.3,13.0,7.5,9.4,1,0.68,0.51,0.021700013206550448,2,0,1,0,0.29985000660327527,0
United States,2006,2.9,69.0,83.4,135.0,5.2,2.8,12.8,7.8,9.7,1,0.69,0.556,0.026291017088662025,2,0,1,0,0.31794550854433096,0
United States,2007,1.9,75.0,89.0,146.0,6.2,3.3,12.6,8.1,9.5,1,0.75,0.5933333333333334,0.031245393063796853,2,0,1,0,0.3436226965318985,0
United States,2008,-0.1,74.0,93.0,156.0,7.4,4.0,12.1,8.3,8.9,1,0.74,0.62,0.0374547752429391,2,0,1,0,0.3527273876214695,1
United States,2009,-2.5,76.0,97.1,160.0,8.9,4.8,11.3,8.5,8.4,1,0.76,0.6473333333333333,0.045018404710131577,2,0,1,0,0.36870920235506577,1
United States,2010,2.6,71.7,98.2,165.0,10.7,5.8,11.7,8.8,8.6,1,0.7170000000000001,0.6546666666666667,0.05420041247435472,2,0,1,0,0.3669002062371774,0
United States,2011,1.6,69.7,105.9,178.0,12.8,7.0,11.9,9.1,8.7,1,0.6970000000000001,0.7060000000000001,0.06500079853560856,2,0,1,0,0.38370039926780436,0
United States,2012,2.2,74.7,110.2,189.0,15.4,8.4,11.9,9.4,8.9,1,0.747,0.7346666666666667,0.07814630707993955,2,0,1,0,0.4088731535399698,0
United States,2013,1.8,71.4,114.2,198.0,18.5,10.1,11.8,9.8,9.1,1,0.7140000000000001,0.7613333333333333,0.09390106911632821,3,0,0,1,0.4181505345581641,0
United States,2014,2.5,73.0,117.6,210.0,22.2,12.1,11.7,10.1,9.2,1,0.73,0.7839999999999999,0.11262845673779776,3,0,0,1,0.43751422836889886,0
United States,2015,2.9,74.5,121.3,223.0,26.6,14.5,11.5,10.5,9.3,1,0.745,0.8086666666666666,0.13495597304635193,3,0,0,1,0.4590779865231759,0
United States,2016,1.6,75.7,121.9,242.0,32.0,17.4,11.3,10.9,9.4,1,0.757,0.8126666666666668,0.1622378653300409,3,0,0,1,0.47631893266502046,0
United States,2017,2.4,87.3,120.5,260.0,38.4,25.8,11.2,11.4,9.5,1,0.873,0.8033333333333333,0.20768068403788742,3,0,0,1,0.5194403420189437,0
United States,2018,2.9,89.0,123.8,275.0,46.1,36.0,11.0,11.9,9.6,1,0.89,0.8253333333333334,0.2626016981166845,3,0,0,1,0.5569008490583423,0
United States,2019,2.3,90.8,128.9,295.0,55.3,50.0,10.9,12.4,9.7,1,0.9079999999999999,0.8593333333333334,0.3330102719320876,3,0,0,1,0.6059051359660438,0
United States,2020,-3.4,91.0,130.9,312.0,66.4,67.9,10.8,13.2,9.6,1,0.91,0.8726666666666667,0.42062402486517037,3,0,0,1,0.6541120124325852,1
United States,2021,5.7,92.0,132.8,332.0,79.6,93.5,11.0,14.1,9.8,1,0.92,0.8853333333333334,0.5362066794432364,3,0,0,1,0.7177033397216181,0
United States,2022,2.1,92.5,135.3,355.0,95.6,119.2,11.1,14.9,10.0,1,0.925,0.902,0.662227883634934,3,0,0,1,0.786713941817467,0
United States,2023,2.2,93.0,137.0,380.0,114.7,151.4,11.2,15.5,10.1,1,0.93,0.9133333333333333,0.8166821382940823,3,0,0,1,0.8683410691470411,0
United States,2024,2.4,93.5,138.0,405.0,137.6,189.3,11.3,16.1,10.2,1,0.935,0.92,1.0,3,0,0,1,0.9630000000000001,0
United Kingdom,1990,0.7,0.1,1.9,27.3,0.04000000000000001,0.016,14.32,3.15,6.5,1,0.001,0.012666666666666666,0.00018760979864617503,0,0,0,0,0.004093804899323087,0
United Kingdom,1991,-1.1,0.3,2.4,30.55,0.06,0.016,13.92,3.42,6.7,1,0.003,0.016,0.00026028421725082616,0,0,0,0,0.0055301421086254125,0
United Kingdom,1992,0.4,0.7,3.0,33.15,0.08000000000000002,0.032,13.76,3.69,7.0,1,0.006999999999999999,0.02,0.00037521959729235006,0,0,0,0,0.007587609798646176,0
United Kingdom,1993,2.5,1.0,5.2,35.75,0.1,0.032,13.52,3.9600000000000004,7.3,1,0.01,0.034666666666666665,0.0004478940158970012,0,0,0,0,0.0126239470079485,0
United Kingdom,1994,3.9,2.0,6.7,38.35,0.12,0.048,13.440000000000001,4.23,7.7,1,0.02,0.04466666666666667,0.0005628293959385251,0,0,0,0,0.01768141469796926,0
United Kingdom,1995,2.5,4.0,9.8,41.6,0.13999999999999999,0.048,13.280000000000001,4.5,8.0,1,0.04,0.06533333333333334,0.0006355038145431762,1,1,0,0,0.027917751907271592,0
United Kingdom,1996,2.5,7.3,14.2,44.2,0.18000000000000002,0.064,13.040000000000001,4.86,8.4,1,0.073,0.09466666666666666,0.0008231136131893513,1,1,0,0,0.04341155680659467,0
United Kingdom,1997,3.2,9.4,22.6,48.1,0.22000000000000003,0.08,12.8,5.3100000000000005,8.7,1,0.094,0.15066666666666667,0.0010107234118355262,1,1,0,0,0.06450536170591777,0
United Kingdom,1998,3.6,14.0,27.7,51.35,0.26,0.096,12.64,5.8500000000000005,9.1,1,0.14,0.18466666666666667,0.0011983332104817013,1,1,0,0,0.08399916660524086,0
United Kingdom,1999,3.3,21.0,40.8,55.9,0.30000000000000004,0.11199999999999999,12.4,6.48,9.5,1,0.21,0.27199999999999996,0.0013859430091278763,1,1,0,0,0.12429297150456392,0
United Kingdom,2000,3.7,26.8,73.7,60.45,0.36000000000000004,0.14400000000000002,12.08,6.84,9.9,1,0.268,0.49133333333333334,0.0016884881878155753,1,1,0,0,0.2018442440939078,0
United Kingdom,2001,2.7,33.5,77.7,63.7,0.42000000000000004,0.17600000000000002,11.76,6.66,10.3,1,0.335,0.518,0.001991033366503274,1,1,0,0,0.22339551668325164,1
United Kingdom,2002,2.4,56.5,93.4,66.95,0.5,0.20800000000000002,11.280000000000001,6.48,10.5,1,0.565,0.6226666666666667,0.002366252963795624,1,1,0,0,0.3009831264818978,0
United Kingdom,2003,3.5,64.8,102.2,70.2,0.6000000000000001,0.256,11.040000000000001,6.39,10.7,1,0.648,0.6813333333333333,0.002856407941129498,2,0,1,0,0.3354282039705648,0
United Kingdom,2004,2.5,70.0,108.8,73.45,0.7200000000000001,0.304,10.72,6.57,10.9,1,0.7,0.7253333333333333,0.003419237337068023,2,0,1,0,0.359309618668534,0
United Kingdom,2005,3.0,78.0,115.4,81.25,0.86,0.368,10.4,6.75,11.1,1,0.78,0.7693333333333334,0.0040970021130480715,2,0,1,0,0.3888485010565241,0
United Kingdom,2006,2.7,80.2,121.1,87.75,1.04,0.44799999999999995,10.240000000000002,7.02,11.3,1,0.802,0.8073333333333333,0.004962376687674296,2,0,1,0,0.40508118834383716,0
United Kingdom,2007,2.4,78.4,126.3,94.9,1.2400000000000002,0.528,10.08,7.29,11.5,1,0.784,0.842,0.005900425680905172,2,0,1,0,0.4123502128404526,0
United Kingdom,2008,-0.3,80.0,130.6,101.4,1.4800000000000002,0.64,9.68,7.470000000000001,10.5,1,0.8,0.8706666666666666,0.007068345434219095,2,0,1,0,0.42473417271710956,1
United Kingdom,2009,-4.2,83.6,131.6,104.0,1.7800000000000002,0.768,9.040000000000001,7.65,10.0,1,0.836,0.8773333333333333,0.008496549404783844,2,0,1,0,0.4346482747023919,1
United Kingdom,2010,1.9,85.0,135.3,107.25,2.14,0.9279999999999999,9.36,7.920000000000001,10.3,1,0.85,0.902,0.010227298554036292,2,0,1,0,0.4457136492770181,0
United Kingdom,2011,1.5,85.4,136.6,115.7,2.5600000000000005,1.12,9.520000000000001,8.19,10.5,1,0.8540000000000001,0.9106666666666666,0.012260592881976439,2,0,1,0,0.4501302964409883,0
United Kingdom,2012,1.5,87.5,138.5,122.85000000000001,3.08,1.344,9.520000000000001,8.46,10.5,1,0.875,0.9233333333333333,0.014741781225813586,2,0,1,0,0.45937089061290676,0
United Kingdom,2013,2.1,89.8,138.0,128.70000000000002,3.7,1.6159999999999999,9.440000000000001,8.82,10.6,1,0.898,0.92,0.017713124546984607,3,0,0,1,0.4644565622734923,0
United Kingdom,2014,2.6,91.6,137.8,136.5,4.44,1.936,9.36,9.09,10.6,1,0.9159999999999999,0.9186666666666667,0.021247297264094155,3,0,0,1,0.46942364863204705,0
United Kingdom,2015,2.4,92.0,137.9,144.95000000000002,5.32,2.32,9.200000000000001,9.450000000000001,10.6,1,0.92,0.9193333333333333,0.02545923475718375,3,0,0,1,0.47252961737859184,0
United Kingdom,2016,1.9,94.8,139.9,157.3,6.4,2.784,9.040000000000001,9.81,10.7,1,0.948,0.9326666666666668,0.030609221243504223,3,0,0,1,0.4847046106217521,0
United Kingdom,2017,1.7,94.6,119.1,169.0,7.68,4.128,8.959999999999999,10.26,10.7,1,0.946,0.7939999999999999,0.0388103047948992,3,0,0,1,0.4468051523974496,0
United Kingdom,2018,1.3,95.0,118.9,178.75,9.22,5.76,8.8,10.71,10.8,1,0.95,0.7926666666666667,0.04871685309401836,3,0,0,1,0.4521584265470092,0
United Kingdom,2019,1.4,95.3,118.1,191.75,11.06,8.0,8.72,11.16,10.9,1,0.953,0.7873333333333333,0.06131943420680844,3,0,0,1,0.45745971710340416,0
United Kingdom,2020,-9.4,96.0,119.5,202.8,13.280000000000001,10.864,8.64,11.879999999999999,10.8,1,0.96,0.7966666666666666,0.07695100676912493,3,0,0,1,0.46947550338456245,1
United Kingdom,2021,7.6,96.8,120.0,215.8,15.92,14.96,8.8,12.69,10.9,1,0.968,0.8,0.0973628361527783,3,0,0,1,0.48228141807638913,0
United Kingdom,2022,4.1,97.1,121.3,230.75,19.12,19.072,8.88,13.41,11.0,1,0.971,0.8086666666666666,0.11985181021879876,3,0,0,1,0.49672590510939935,0
United Kingdom,2023,0.6,97.5,122.0,247.0,22.94,24.224,8.959999999999999,13.950000000000001,11.1,1,0.975,0.8133333333333334,0.14734065375496014,3,0,0,1,0.51267032687748,0
United Kingdom,2024,1.0,97.9,122.5,263.25,27.52,30.288000000000004,9.040000000000001,14.490000000000002,11.2,1,0.9790000000000001,0.8166666666666667,0.18,3,0,0,1,0.5308,0
Germany,1990,5.3,0.1,1.805,60.0,0.03,0.010000000000000002,23.4,2.625,4.76,1,0.001,0.012033333333333333,0.00013542472880502217,0,0,0,0,0.003877712364402511,0
Germany,1991,5.1,0.3,2.28,65.0,0.045,0.010000000000000002,25.3,2.8499999999999996,4.8999999999999995,1,0.003,0.015199999999999998,0.00018993054275851055,0,0,0,0,0.0052549652713792545,0
Germany,1992,1.9,0.6,2.8499999999999996,72.0,0.06,0.020000000000000004,24.9,3.0749999999999997,5.04,1,0.006,0.018999999999999996,0.00027084945761004435,0,0,0,0,0.00703542472880502,0
Germany,1993,-1.0,1.1,4.9399999999999995,78.0,0.075,0.020000000000000004,23.8,3.3000000000000003,5.18,1,0.011000000000000001,0.03293333333333333,0.0003253552715635327,0,0,0,0,0.012242677635781764,0
Germany,1994,2.5,1.8,6.365,85.0,0.09,0.03,23.4,3.5250000000000004,5.319999999999999,1,0.018000000000000002,0.04243333333333334,0.0004062741864150665,0,0,0,0,0.016533137093207535,0
Germany,1995,1.8,3.2,9.31,92.0,0.105,0.03,23.2,3.75,5.46,1,0.032,0.06206666666666667,0.0004607800003685549,1,1,0,0,0.025250390000184277,0
Germany,1996,0.8,4.7,13.489999999999998,100.0,0.135,0.04000000000000001,22.8,4.050000000000001,5.6,1,0.047,0.08993333333333332,0.0005962047291735771,1,1,0,0,0.03667810236458678,0
Germany,1997,1.8,7.0,21.47,108.0,0.165,0.05,22.9,4.425000000000001,5.8100000000000005,1,0.07,0.14313333333333333,0.0007316294579785993,1,1,0,0,0.0573058147289893,0
Germany,1998,2.0,10.4,26.314999999999998,116.0,0.195,0.06,22.9,4.875,5.949999999999999,1,0.10400000000000001,0.17543333333333333,0.0008670541867836215,1,1,0,0,0.0738635270933918,0
Germany,1999,1.9,16.0,38.76,125.0,0.22499999999999998,0.06999999999999999,22.9,5.4,6.089999999999999,1,0.16,0.25839999999999996,0.0010024789155886435,1,1,0,0,0.11002123945779431,0
Germany,2000,3.0,27.1,70.015,135.0,0.27,0.09000000000000001,23.0,5.699999999999999,6.2299999999999995,1,0.271,0.46676666666666666,0.0012188225592451997,1,1,0,0,0.1948394112796226,0
Germany,2001,1.7,31.7,73.815,146.0,0.315,0.11000000000000001,22.8,5.550000000000001,6.089999999999999,1,0.317,0.4921,0.0014351662029017556,1,1,0,0,0.21174758310145086,1
Germany,2002,0.0,48.8,88.73,157.0,0.375,0.13,22.4,5.4,6.02,1,0.488,0.5915333333333334,0.0017060156605118,1,1,0,0,0.2759130078302559,0
Germany,2003,-0.7,56.0,97.09,169.0,0.44999999999999996,0.16000000000000003,22.4,5.324999999999999,6.16,1,0.56,0.6472666666666667,0.002057784032973378,2,0,1,0,0.3072088920164867,0
Germany,2004,1.2,65.1,103.36,182.0,0.54,0.19,22.2,5.475,6.369999999999999,1,0.6509999999999999,0.6890666666666667,0.002464058219388445,2,0,1,0,0.3381520291096942,0
Germany,2005,0.7,69.5,109.63,196.0,0.6449999999999999,0.22999999999999998,22.0,5.625,6.58,1,0.695,0.7308666666666667,0.002951251320655045,2,0,1,0,0.35973562566032746,0
Germany,2006,3.8,72.4,115.04499999999999,216.0,0.78,0.27999999999999997,22.2,5.85,6.789999999999999,1,0.7240000000000001,0.7669666666666666,0.0035738691507266676,2,0,1,0,0.3766769345753633,0
Germany,2007,3.0,75.5,119.98499999999999,237.0,0.9299999999999999,0.33,22.5,6.074999999999999,6.6499999999999995,1,0.755,0.7998999999999999,0.004250992794751779,2,0,1,0,0.3930954963973759,0
Germany,2008,1.0,77.9,124.07,242.0,1.11,0.4,22.1,6.2250000000000005,6.2299999999999995,1,0.779,0.8271333333333333,0.005089954268479958,2,0,1,0,0.4064849771342399,1
Germany,2009,-5.7,79.0,125.01999999999998,248.0,1.335,0.48,19.9,6.375,5.88,1,0.79,0.8334666666666666,0.006118846284966646,2,0,1,0,0.4110994231424833,1
Germany,2010,4.2,82.0,128.535,252.0,1.6049999999999998,0.58,21.9,6.6000000000000005,6.02,1,0.82,0.8569,0.00736408194510989,2,0,1,0,0.42475204097255487,0
Germany,2011,3.9,82.7,129.76999999999998,261.0,1.92,0.7000000000000001,22.4,6.824999999999999,6.089999999999999,1,0.8270000000000001,0.8651333333333332,0.008825661248909692,2,0,1,0,0.42935283062445484,0
Germany,2012,0.4,83.0,131.575,273.0,2.31,0.8400000000000001,22.0,7.050000000000001,6.2299999999999995,1,0.83,0.8771666666666665,0.010612595824273026,2,0,1,0,0.4344562979121364,0
Germany,2013,0.4,85.0,131.1,282.0,2.775,1.01,21.9,7.3500000000000005,6.369999999999999,1,0.85,0.874,0.012751298772097937,3,0,0,1,0.438575649386049,0
Germany,2014,2.2,86.2,130.91,292.0,3.3299999999999996,1.21,22.2,7.574999999999999,6.4399999999999995,1,0.862,0.8727333333333334,0.015296275906337914,3,0,0,1,0.4418681379531689,0
Germany,2015,1.5,87.6,131.005,301.0,3.99,1.4500000000000002,22.8,7.875,6.51,1,0.8759999999999999,0.8733666666666666,0.018328446141844496,3,0,0,1,0.4463742230709222,0
Germany,2016,2.2,89.6,132.905,309.0,4.8,1.74,22.7,8.175,6.58,1,0.8959999999999999,0.8860333333333333,0.022037740021376182,3,0,0,1,0.4560288700106881,0
Germany,2017,2.6,84.4,113.145,322.0,5.76,2.58,22.9,8.55,6.6499999999999995,1,0.8440000000000001,0.7543,0.027744812589835254,3,0,0,1,0.4089624062949177,0
Germany,2018,1.1,89.7,112.955,338.0,6.915,3.6,22.7,8.925,6.72,1,0.897,0.7530333333333333,0.0346358965558545,3,0,0,1,0.42262794827792727,0
Germany,2019,1.1,91.1,112.195,346.0,8.295,5.0,22.0,9.3,6.789999999999999,1,0.9109999999999999,0.7479666666666667,0.04334826556530178,3,0,0,1,0.4282641327826509,0
Germany,2020,-4.6,92.3,113.52499999999999,371.0,9.96,6.790000000000001,20.8,9.899999999999999,6.72,1,0.9229999999999999,0.7568333333333332,0.05412635597488913,3,0,0,1,0.4387131779874445,1
Germany,2021,2.6,93.5,114.0,397.0,11.94,9.35,21.5,10.575,6.86,1,0.935,0.76,0.06808287724664921,3,0,0,1,0.44904143862332463,0
Germany,2022,1.8,94.0,115.23499999999999,415.0,14.339999999999998,11.920000000000002,21.7,11.175,7.0,1,0.94,0.7682333333333332,0.08359197441000504,3,0,0,1,0.46026598720500245,0
Germany,2023,-0.3,94.7,115.89999999999999,435.0,17.205,15.14,21.9,11.625,7.069999999999999,1,0.9470000000000001,0.7726666666666666,0.10250760336429193,3,0,0,1,0.472453801682146,0
Germany,2024,0.5,95.2,116.375,455.0,20.639999999999997,18.930000000000003,22.0,12.075000000000001,7.139999999999999,1,0.9520000000000001,0.7758333333333334,0.125,3,0,0,1,0.48565,0
Japan,1990,4.9,0.7200000000000001,1.8900000000000001,70.0,0.036,0.012,20.584999999999997,3.15,4.76,1,0.007200000000000001,0.0126,0.00016250967456602663,0,0,0,0,0.005301254837283014,0
Japan,1991,3.4,1.08,2.7,87.0,0.054,0.012,20.009999999999998,3.42,4.8999999999999995,1,0.0108,0.018000000000000002,0.00022791665131021268,0,0,0,0,0.007673958325655107,0
Japan,1992,0.8,2.07,4.680000000000001,105.0,0.072,0.024,19.779999999999998,3.69,5.04,1,0.0207,0.031200000000000006,0.00032501934913205325,0,0,0,0,0.013662509674566028,0
Japan,1993,0.2,4.5,5.58,123.0,0.09,0.024,19.434999999999995,3.9600000000000004,5.18,1,0.045,0.037200000000000004,0.0003904263258762393,0,0,0,0,0.020355213162938122,0
Japan,1994,0.7,8.01,8.19,132.0,0.108,0.036,19.32,4.23,5.319999999999999,1,0.0801,0.054599999999999996,0.00048752902369807985,0,0,0,0,0.03264376451184904,0
Japan,1995,2.7,12.6,11.43,142.0,0.126,0.036,19.09,4.5,5.46,1,0.126,0.0762,0.0005529360004422659,1,1,0,0,0.048336468000221136,0
Japan,1996,3.1,14.76,14.670000000000002,151.0,0.162,0.048,18.745,4.86,5.6,1,0.1476,0.09780000000000001,0.0007154456750082925,1,1,0,0,0.05921772283750416,0
Japan,1997,1.1,19.8,18.27,160.0,0.198,0.06,18.4,5.3100000000000005,5.8100000000000005,1,0.198,0.12179999999999999,0.0008779553495743192,1,1,0,0,0.07657897767478716,0
Japan,1998,-1.1,27.090000000000003,22.590000000000003,169.0,0.23399999999999999,0.072,18.169999999999998,5.8500000000000005,5.949999999999999,1,0.27090000000000003,0.1506,0.0010404650241403457,1,1,0,0,0.09988023251207018,0
Japan,1999,-0.3,32.31,27.540000000000003,178.0,0.27,0.08399999999999999,17.825,6.48,6.089999999999999,1,0.3231,0.1836,0.0012029746987063724,1,1,0,0,0.12030148734935318,0
Japan,2000,2.8,38.79,34.65,187.0,0.324,0.108,17.365,6.84,6.2299999999999995,1,0.38789999999999997,0.23099999999999998,0.0014625870710942394,1,1,0,0,0.1476112935355471,0
Japan,2001,0.4,44.190000000000005,40.230000000000004,195.0,0.378,0.132,16.904999999999998,6.66,6.089999999999999,1,0.44190000000000007,0.26820000000000005,0.0017221994434821067,1,1,0,0,0.1697010997217411,1
Japan,2002,0.1,53.1,49.32,202.0,0.44999999999999996,0.156,16.215,6.48,6.02,1,0.531,0.3288,0.0020472187926141596,1,1,0,0,0.2058636093963071,0
Japan,2003,1.5,55.800000000000004,56.25,209.0,0.54,0.192,15.87,6.39,6.16,1,0.558,0.375,0.002469340839568054,2,0,1,0,0.22533467041978406,0
Japan,2004,2.2,58.5,61.47,216.0,0.648,0.22799999999999998,15.409999999999998,6.57,6.369999999999999,1,0.585,0.4098,0.0029568698632661335,2,0,1,0,0.24141843493163306,0
Japan,2005,1.7,61.2,68.85000000000001,223.0,0.7739999999999999,0.27599999999999997,14.95,6.75,6.58,1,0.612,0.4590000000000001,0.0035415015847860536,2,0,1,0,0.261870750792393,0
Japan,2006,1.4,62.1,75.06,230.0,0.9359999999999999,0.33599999999999997,14.719999999999999,7.02,6.789999999999999,1,0.621,0.5004000000000001,0.0042886429808720004,2,0,1,0,0.276464321490436,0
Japan,2007,1.7,67.5,80.10000000000001,237.0,1.1159999999999999,0.39599999999999996,14.489999999999998,7.29,6.6499999999999995,1,0.675,0.534,0.005101191353702133,2,0,1,0,0.2977505956768511,0
Japan,2008,-1.1,66.60000000000001,83.7,244.0,1.332,0.48,13.915,7.470000000000001,6.2299999999999995,1,0.666,0.558,0.006107945122175948,2,0,1,0,0.303653972561088,1
Japan,2009,-5.4,68.4,87.39,251.0,1.602,0.576,12.995,7.65,5.88,1,0.684,0.5826,0.007342615541959975,2,0,1,0,0.31525130777098,1
Japan,2010,4.2,64.53,88.38000000000001,301.0,1.9259999999999997,0.696,13.454999999999998,7.920000000000001,6.02,1,0.6453,0.5892000000000001,0.008836898334131867,2,0,1,0,0.3102384491670659,0
Japan,2011,-0.1,62.730000000000004,95.31,333.0,2.304,0.84,13.684999999999999,8.19,6.089999999999999,1,0.6273000000000001,0.6354,0.01059079349869163,2,0,1,0,0.32137539674934584,0
Japan,2012,1.5,67.23,99.18,323.0,2.772,1.008,13.684999999999999,8.46,6.2299999999999995,1,0.6723,0.6612,0.012735114989127631,2,0,1,0,0.3391875574945638,0
Japan,2013,2.0,64.26,102.78,330.0,3.33,1.212,13.57,8.82,6.369999999999999,1,0.6426000000000001,0.6852,0.015301558526517526,3,0,0,1,0.3417307792632588,0
Japan,2014,0.4,65.7,105.84,340.0,3.9959999999999996,1.452,13.454999999999998,9.09,6.4399999999999995,1,0.657,0.7056,0.018355531087605497,3,0,0,1,0.3522577655438028,0
Japan,2015,1.2,67.05,109.17,364.0,4.788,1.74,13.225,9.450000000000001,6.51,1,0.6705,0.7278,0.021994135370213393,3,0,0,1,0.3634370676851067,0
Japan,2016,0.5,68.13000000000001,109.71000000000001,303.0,5.76,2.0879999999999996,12.995,9.81,6.58,1,0.6813000000000001,0.7314,0.02644528802565142,3,0,0,1,0.3689026440128257,0
Japan,2017,2.2,78.57,108.45,308.0,6.912,3.096,12.879999999999999,10.26,6.6499999999999995,1,0.7857,0.723,0.033293775107802306,3,0,0,1,0.39068688755390113,0
Japan,2018,0.3,80.10000000000001,111.42,327.0,8.298,4.32,12.649999999999999,10.71,6.72,1,0.801,0.7428,0.041563075867025394,3,0,0,1,0.4038215379335127,0
Japan,2019,0.0,81.72,116.01,364.0,9.953999999999999,6.0,12.535,11.16,6.789999999999999,1,0.8172,0.7734000000000001,0.05201791867836214,3,0,0,1,0.4214689593391811,0
Japan,2020,-4.3,81.9,117.81,390.0,11.952,8.148,12.42,11.879999999999999,6.72,1,0.8190000000000001,0.7854,0.06495162716986695,3,0,0,1,0.43189581358493345,1
Japan,2021,2.1,82.8,119.52000000000001,412.0,14.327999999999998,11.219999999999999,12.649999999999999,12.69,6.86,1,0.828,0.7968000000000001,0.08169945269597906,3,0,0,1,0.44548972634798956,0
Japan,2022,1.9,83.25,121.77000000000001,425.0,17.208,14.304,12.764999999999999,13.41,7.0,1,0.8325,0.8118000000000001,0.10031036929200604,3,0,0,1,0.46019518464600306,0
Japan,2023,1.9,83.7,123.3,440.0,20.646,18.168,12.879999999999999,13.950000000000001,7.069999999999999,1,0.8370000000000001,0.822,0.12300912403715034,3,0,0,1,0.4755045620185752,0
Japan,2024,0.9,84.15,124.2,455.0,24.767999999999997,22.716,12.995,14.490000000000002,7.139999999999999,1,0.8415,0.8280000000000001,0.15,3,0,0,1,0.4917,0
China,1990,3.9,0.0,0.0,0.0,0.044000000000000004,0.020000000000000004,27.3,0.5,5.44,0,0.0,0.0,0.00021270992272632344,0,0,0,0,0.00010635496136316172,0
China,1991,9.3,0.0,0.0,0.0,0.066,0.020000000000000004,27.1,0.6,5.6000000000000005,0,0.0,0.0,0.00029265178319143976,0,0,0,0,0.00014632589159571988,0
China,1992,14.2,0.0,0.1,0.0,0.08800000000000001,0.04000000000000001,27.4,0.7,5.760000000000001,0,0.0,0.0006666666666666668,0.00042541984545264687,0,0,0,0,0.00041270992272632344,0
China,1993,14.0,0.0,0.2,0.0,0.11,0.04000000000000001,28.3,0.8,5.920000000000001,0,0.0,0.0013333333333333335,0.0005053617059177631,0,0,0,0,0.0006526808529588816,0
China,1994,13.1,0.0,0.3,0.0,0.132,0.06,28.9,1.0,6.08,0,0.0,0.002,0.0006381297681789703,0,0,0,0,0.000919064884089485,0
China,1995,10.9,0.0,0.5,1.0,0.154,0.06,29.4,1.2,6.24,0,0.0,0.0033333333333333335,0.0007180716286440866,1,1,0,0,0.0013590358143220434,0
China,1996,9.9,0.1,0.9,1.0,0.198,0.08000000000000002,30.0,1.4,6.4,0,0.001,0.006,0.00093078155137041,1,1,0,0,0.002465390775685205,0
China,1997,9.2,0.2,1.7,2.0,0.24200000000000002,0.1,30.5,1.7,6.640000000000001,0,0.002,0.011333333333333332,0.0011434914740967336,1,1,0,0,0.004371745737048367,0
China,1998,7.8,0.7,3.0,3.0,0.28600000000000003,0.12,31.0,2.0,6.800000000000001,0,0.006999999999999999,0.02,0.001356201396823057,1,1,0,0,0.00807810069841153,0
China,1999,7.7,1.8,4.5,4.0,0.33,0.13999999999999999,31.3,2.3,6.96,0,0.018000000000000002,0.03,0.0015689113195493803,1,1,0,0,0.01338445565977469,0
China,2000,8.5,1.8,6.7,5.0,0.396,0.18000000000000002,31.7,2.6,7.120000000000001,0,0.018000000000000002,0.04466666666666667,0.001914389304536911,1,1,0,0,0.017957194652268457,0
China,2001,8.3,2.6,11.3,7.0,0.462,0.22000000000000003,31.9,2.9,6.96,0,0.026000000000000002,0.07533333333333334,0.0022598672895244414,1,1,0,0,0.02892993364476222,0
China,2002,9.1,4.6,16.0,11.0,0.55,0.26,32.0,3.2,6.88,0,0.046,0.10666666666666667,0.0026852871349770883,1,1,0,0,0.04254264356748855,0
China,2003,10.0,6.2,20.9,14.0,0.66,0.32000000000000006,32.2,3.5,7.040000000000001,0,0.062,0.13933333333333334,0.0032434750426909424,2,0,1,0,0.05582173752134547,0
China,2004,10.1,7.3,25.8,19.0,0.792,0.38,32.4,3.8,7.28,0,0.073,0.17200000000000001,0.0038816048108699128,2,0,1,0,0.06814080240543495,0
China,2005,11.4,8.5,29.8,25.0,0.946,0.45999999999999996,32.5,4.1,7.5200000000000005,0,0.085,0.19866666666666666,0.0046525026413100894,2,0,1,0,0.07892625132065505,0
China,2006,12.7,10.5,34.8,32.0,1.1440000000000001,0.5599999999999999,32.5,4.4,7.76,0,0.105,0.23199999999999998,0.005636110394476592,2,0,1,0,0.0934180551972383,0
China,2007,14.2,16.0,41.0,42.0,1.364,0.66,32.4,4.8,7.6000000000000005,0,0.16,0.2733333333333333,0.006699660008108208,2,0,1,0,0.11734983000405409,0
China,2008,9.7,22.6,48.4,52.0,1.6280000000000001,0.8,32.2,5.1,7.120000000000001,0,0.226,0.32266666666666666,0.00802874574626224,2,0,1,0,0.14601437287313113,1
China,2009,9.4,28.9,55.3,63.0,1.9580000000000002,0.96,32.0,5.5,6.720000000000001,0,0.289,0.36866666666666664,0.009650483267607712,2,0,1,0,0.17322524163380384,1
China,2010,10.6,34.3,63.2,74.0,2.3539999999999996,1.16,31.6,5.9,6.88,0,0.34299999999999997,0.42133333333333334,0.011617698773940711,2,0,1,0,0.20080884938697033,0
China,2011,9.6,38.3,72.3,86.0,2.8160000000000003,1.4000000000000001,31.4,6.3,6.96,0,0.38299999999999995,0.482,0.013930392265261245,2,0,1,0,0.22816519613263062,0
China,2012,7.9,42.3,80.8,96.0,3.388,1.6800000000000002,30.9,6.7,7.120000000000001,0,0.423,0.5386666666666666,0.01674844746249954,2,0,1,0,0.25457422373124977,0
China,2013,7.8,45.8,88.7,113.0,4.07,2.02,30.5,7.2,7.28,0,0.45799999999999996,0.5913333333333334,0.02012469056745169,3,0,0,1,0.27906234528372587,0
China,2014,7.4,47.9,92.3,140.0,4.8839999999999995,2.42,30.1,7.7,7.359999999999999,0,0.479,0.6153333333333333,0.024139063440582805,3,0,0,1,0.2924695317202914,0
China,2015,7.0,50.3,93.2,156.0,5.852,2.9000000000000004,29.7,8.3,7.440000000000001,0,0.503,0.6213333333333334,0.028924334144154108,3,0,0,1,0.30146216707207707,0
China,2016,6.8,54.3,104.3,187.0,7.04,3.48,29.3,8.9,7.5200000000000005,0,0.5429999999999999,0.6953333333333334,0.034773154461357016,3,0,0,1,0.3345865772306785,0
China,2017,6.9,54.3,102.5,214.0,8.448,5.16,29.3,9.6,7.6000000000000005,0,0.5429999999999999,0.6833333333333333,0.0443268344819961,3,0,0,1,0.33576341724099806,0
China,2018,6.7,59.2,114.6,240.0,10.142000000000001,7.2,29.0,10.3,7.68,0,0.5920000000000001,0.764,0.05587063032101132,3,0,0,1,0.3755353151605057,0
China,2019,6.0,64.5,120.8,271.0,12.165999999999999,10.0,28.5,11.1,7.76,0,0.645,0.8053333333333333,0.07062094973525472,3,0,0,1,0.4059104748676273,0
China,2020,2.2,70.4,122.0,308.0,14.608,13.580000000000002,28.0,12.0,7.68,0,0.7040000000000001,0.8133333333333334,0.0889503863683829,3,0,0,1,0.4292751931841915,1
China,2021,8.1,73.0,124.3,322.0,17.512,18.7,27.8,13.0,7.840000000000001,0,0.73,0.8286666666666667,0.11302621960957751,3,0,0,1,0.4511131098047887,0
China,2022,3.0,75.6,127.1,340.0,21.032,23.840000000000003,27.5,14.1,8.0,0,0.7559999999999999,0.8473333333333333,0.13939325114559148,3,0,0,1,0.47509662557279575,0
China,2023,5.2,77.8,129.5,360.0,25.234,30.28,27.2,15.0,8.08,0,0.778,0.8633333333333333,0.17167218347276994,3,0,0,1,0.5004360917363849,0
China,2024,4.6,79.5,131.0,385.0,30.272,37.86000000000001,27.0,15.8,8.16,0,0.795,0.8733333333333333,0.21000000000000002,3,0,0,1,0.526,0
India,1990,5.5,0.0,0.0,0.0,0.010000000000000002,0.006,23.205,0.8,4.76,0,0.0,0.0,5.218506984115284e-05,0,0,0,0,2.609253492057642e-05,0
India,1991,1.1,0.0,0.0,0.0,0.015,0.006,23.035,1.0,4.8999999999999995,0,0.0,0.0,7.035367449231563e-05,0,0,0,0,3.5176837246157816e-05,0
India,1992,5.5,0.0,0.0,0.0,0.020000000000000004,0.012,23.29,1.2,5.04,0,0.0,0.0,0.00010437013968230569,0,0,0,0,5.218506984115284e-05,0
India,1993,4.8,0.0,0.0,0.0,0.025,0.012,24.055,1.4,5.18,0,0.0,0.0,0.00012253874433346848,0,0,0,0,6.126937216673424e-05,0
India,1994,6.7,0.0,0.0,0.0,0.03,0.018,24.564999999999998,1.6,5.319999999999999,0,0.0,0.0,0.00015655520952345851,0,0,0,0,7.827760476172926e-05,0
India,1995,7.6,0.0,0.0,0.1,0.034999999999999996,0.018,24.99,1.9,5.46,0,0.0,0.0,0.0001747238141746213,1,1,0,0,8.736190708731065e-05,0
India,1996,7.6,0.1,0.1,0.1,0.045000000000000005,0.024,25.5,2.2,5.6,0,0.001,0.0006666666666666668,0.00022690888401577416,1,1,0,0,0.0005134544420078871,0
India,1997,4.0,0.1,0.1,0.2,0.05500000000000001,0.03,25.925,2.5,5.8100000000000005,0,0.001,0.0006666666666666668,0.000279093953856927,1,1,0,0,0.0005395469769284635,0
India,1998,6.2,0.1,0.2,0.30000000000000004,0.065,0.036,26.349999999999998,2.9,5.949999999999999,0,0.001,0.0013333333333333335,0.0003312790236980798,1,1,0,0,0.00076563951184904,0
India,1999,8.8,0.3,0.3,0.4,0.07500000000000001,0.041999999999999996,26.605,3.4,6.089999999999999,0,0.003,0.002,0.0003834640935392327,1,1,0,0,0.0013917320467696165,0
India,2000,3.8,0.5,0.3,0.5,0.09000000000000001,0.054,26.945,3.9,6.2299999999999995,0,0.005,0.002,0.0004696656285703756,1,1,0,0,0.0018348328142851877,0
India,2001,4.8,0.7,0.6,0.7000000000000001,0.10500000000000001,0.066,27.115,4.5,6.089999999999999,0,0.006999999999999999,0.004,0.0005558671636015184,1,1,0,0,0.002877933581800759,0
India,2002,3.8,1.5,1.2,1.1,0.125,0.078,27.2,5.0,6.02,0,0.015,0.008,0.0006602373032838241,1,1,0,0,0.0057301186516419125,0
India,2003,7.9,1.7,3.1,1.4000000000000001,0.15000000000000002,0.096,27.37,5.5,6.16,0,0.017,0.020666666666666667,0.00079862390815612,2,0,1,0,0.009999311954078062,0
India,2004,7.9,2.0,4.7,1.9000000000000001,0.18000000000000002,0.11399999999999999,27.54,6.0,6.369999999999999,0,0.02,0.03133333333333333,0.0009551791176795784,2,0,1,0,0.013877589558839788,0
India,2005,7.9,2.4,8.0,2.5,0.215,0.13799999999999998,27.625,6.5,6.58,0,0.024,0.05333333333333334,0.001145750792393027,2,0,1,0,0.021372875396196513,0
India,2006,8.1,2.8,14.5,3.2,0.26,0.16799999999999998,27.625,7.0,6.789999999999999,0,0.027999999999999997,0.09666666666666666,0.0013885075369476285,2,0,1,0,0.03529425376847381,0
India,2007,7.7,3.4,20.2,4.2,0.31000000000000005,0.19799999999999998,27.54,7.5,6.6499999999999995,0,0.034,0.13466666666666666,0.0016494328861533928,2,0,1,0,0.048024716443076695,0
India,2008,3.1,4.4,29.2,5.2,0.37000000000000005,0.24,27.37,7.9,6.2299999999999995,0,0.044000000000000004,0.19466666666666665,0.001978391165739137,2,0,1,0,0.06818919558286957,1
India,2009,7.9,5.1,41.2,6.300000000000001,0.44500000000000006,0.288,27.2,8.3,5.88,0,0.051,0.27466666666666667,0.002377703119817197,2,0,1,0,0.0937888515599086,1
India,2010,8.5,7.5,60.9,7.4,0.535,0.348,26.86,8.7,6.02,0,0.075,0.40599999999999997,0.0028632166089263998,2,0,1,0,0.13823160830446318,0
India,2011,5.2,10.1,73.2,8.6,0.6400000000000001,0.42,26.689999999999998,9.1,6.089999999999999,0,0.10099999999999999,0.48800000000000004,0.0034349316330667453,2,0,1,0,0.16831746581653337,0
India,2012,5.5,12.6,68.3,9.600000000000001,0.77,0.504,26.264999999999997,9.5,6.2299999999999995,0,0.126,0.4553333333333333,0.00412918540154056,2,0,1,0,0.16386459270077028,0
India,2013,6.4,15.1,70.0,11.3,0.925,0.606,25.925,9.9,6.369999999999999,0,0.151,0.4666666666666667,0.00496182577488667,3,0,0,1,0.17268091288744333,0
India,2014,7.4,21.0,71.3,14.0,1.11,0.726,25.585,10.3,6.4399999999999995,0,0.21,0.47533333333333333,0.005951021357756239,3,0,0,1,0.18757551067887812,0
India,2015,8.0,27.0,76.4,15.600000000000001,1.33,0.87,25.244999999999997,10.7,6.51,0,0.27,0.5093333333333334,0.007130788615339254,3,0,0,1,0.21036539430766968,0
India,2016,8.3,34.8,83.6,18.7,1.6,1.0439999999999998,24.905,11.1,6.58,0,0.348,0.5573333333333333,0.008571481222128037,3,0,0,1,0.241085740611064,0
India,2017,6.8,34.4,87.3,21.400000000000002,1.92,1.548,24.905,11.4,6.6499999999999995,0,0.344,0.582,0.011065492205063945,3,0,0,1,0.24893274610253194,0
India,2018,6.5,38.0,84.3,24.0,2.305,2.16,24.65,11.8,6.72,0,0.38,0.5619999999999999,0.014080956538163861,3,0,0,1,0.2516404782690819,0
India,2019,3.7,43.4,83.6,27.1,2.765,3.0,24.224999999999998,12.2,6.789999999999999,0,0.434,0.5573333333333333,0.017971168641506656,3,0,0,1,0.2629855843207533,0
India,2020,-6.6,47.0,84.3,30.8,3.3200000000000003,4.074,23.8,12.6,6.72,0,0.47,0.5619999999999999,0.022824650794235804,3,0,0,1,0.27401232539711784,1
India,2021,8.7,51.2,84.7,32.2,3.98,5.609999999999999,23.63,13.1,6.86,0,0.512,0.5646666666666667,0.029279958906129066,3,0,0,1,0.28643997945306454,0
India,2022,7.2,57.0,84.9,34.0,4.78,7.152,23.375,13.7,7.0,0,0.57,0.5660000000000001,0.03625983580879372,3,0,0,1,0.3019299179043968,0
India,2023,6.9,61.5,85.2,36.0,5.735,9.084,23.119999999999997,14.3,7.069999999999999,0,0.615,0.5680000000000001,0.04483305039066819,3,0,0,1,0.3158165251953341,0
India,2024,6.5,64.0,85.6,38.5,6.88,11.358,22.95,14.8,7.139999999999999,0,0.64,0.5706666666666667,0.055,3,0,0,1,0.32670000000000005,0
Brazil,1990,-4.2,0.48,1.6800000000000002,8.4,0.004,0.003,21.840000000000003,2.1,5.779999999999999,0,0.0048,0.011200000000000002,2.2458813990343862e-05,0,0,0,0,0.004331229406995173,0
Brazil,1991,1.0,0.72,2.4000000000000004,9.4,0.006,0.003,21.680000000000003,2.28,5.95,0,0.0072,0.016000000000000004,2.9726255850808977e-05,0,0,0,0,0.006254863127925406,0
Brazil,1992,-0.5,1.38,4.16,10.200000000000001,0.008,0.006,21.92,2.4599999999999995,6.12,0,0.0138,0.027733333333333336,4.4917627980687725e-05,0,0,0,0,0.011102458813990345,0
Brazil,1993,4.7,3.0,4.960000000000001,11.0,0.01,0.006,22.64,2.64,6.29,0,0.03,0.033066666666666675,5.218506984115284e-05,0,0,0,0,0.01594609253492058,0
Brazil,1994,5.3,5.34,7.28,11.8,0.012,0.009,23.12,2.82,6.46,0,0.053399999999999996,0.04853333333333334,6.737644197103159e-05,0,0,0,0,0.025273688220985514,0
Brazil,1995,4.4,8.4,10.16,12.8,0.013999999999999999,0.009,23.52,3.0,6.63,0,0.084,0.06773333333333334,7.46438838314967e-05,1,1,0,0,0.03715732194191575,0
Brazil,1996,2.2,9.839999999999998,13.040000000000001,13.600000000000001,0.018000000000000002,0.012,24.0,3.24,6.8,0,0.09839999999999999,0.08693333333333333,9.710269782184057e-05,1,1,0,0,0.04580855134891092,0
Brazil,1997,3.4,13.2,16.240000000000002,14.8,0.022000000000000002,0.015,24.400000000000002,3.54,7.055000000000001,0,0.132,0.10826666666666668,0.00011956151181218442,1,1,0,0,0.05893978075590609,0
Brazil,1998,0.3,18.06,20.080000000000002,15.8,0.026000000000000002,0.018,24.8,3.9,7.225,0,0.18059999999999998,0.1338666666666667,0.0001420203258025283,1,1,0,0,0.07635101016290127,0
Brazil,1999,0.5,21.54,24.480000000000004,17.2,0.03,0.020999999999999998,25.040000000000003,4.32,7.395,0,0.21539999999999998,0.16320000000000004,0.00016447913979287214,1,1,0,0,0.09212223956989644,0
Brazil,2000,4.4,25.86,30.8,18.6,0.036000000000000004,0.027,25.36,4.56,7.565,0,0.2586,0.20533333333333334,0.00020212932591309475,1,1,0,0,0.11342106466295655,0
Brazil,2001,1.4,29.46,35.760000000000005,19.6,0.042,0.033,25.52,4.44,7.395,0,0.29460000000000003,0.23840000000000003,0.00023977951203331738,1,1,0,0,0.13055988975601665,0
Brazil,2002,3.1,35.4,43.84,20.6,0.05,0.039,25.6,4.32,7.31,0,0.354,0.2922666666666667,0.0002846971400140051,1,1,0,0,0.158622348570007,0
Brazil,2003,1.1,37.199999999999996,50.0,21.6,0.06,0.048,25.760000000000005,4.26,7.48,0,0.37199999999999994,0.3333333333333333,0.0003448061401245716,2,0,1,0,0.17457240307006228,0
Brazil,2004,5.8,39.0,54.64,22.6,0.07200000000000001,0.056999999999999995,25.92,4.38,7.734999999999999,0,0.39,0.3642666666666667,0.00041218258209560314,2,0,1,0,0.1874860912910478,0
Brazil,2005,3.2,40.8,61.2,25.0,0.086,0.06899999999999999,26.0,4.5,7.99,0,0.408,0.40800000000000003,0.0004947503961965135,2,0,1,0,0.20424737519809827,0
Brazil,2006,4.0,41.4,66.72000000000001,27.0,0.10400000000000001,0.08399999999999999,26.0,4.68,8.245,0,0.414,0.4448000000000001,0.0005997770242877677,2,0,1,0,0.21653988851214392,0
Brazil,2007,6.1,45.0,71.2,29.200000000000003,0.12400000000000001,0.09899999999999999,25.92,4.859999999999999,8.075,0,0.45,0.4746666666666667,0.000712071094239487,2,0,1,0,0.23275603554711974,0
Brazil,2008,5.1,44.4,74.4,31.200000000000003,0.14800000000000002,0.12,25.760000000000005,4.98,7.565,0,0.444,0.49600000000000005,0.0008547479084509639,2,0,1,0,0.23802737395422552,1
Brazil,2009,-0.1,45.6,77.68,32.0,0.17800000000000002,0.144,25.6,5.1,7.14,0,0.456,0.5178666666666667,0.0010271509785132497,2,0,1,0,0.24707357548925662,1
Brazil,2010,7.5,43.02,78.56,33.0,0.214,0.174,25.28,5.28,7.31,0,0.4302,0.5237333333333334,0.0012372042346957578,2,0,1,0,0.2437786021173479,0
Brazil,2011,4.0,41.82,84.72000000000001,35.6,0.256,0.21,25.12,5.46,7.395,0,0.4182,0.5648000000000001,0.0014849076769984889,2,0,1,0,0.2538224538384993,0
Brazil,2012,1.9,44.82,88.16000000000001,37.800000000000004,0.308,0.252,24.72,5.64,7.565,0,0.4482,0.5877333333333334,0.0017847961891423727,2,0,1,0,0.26685239809457123,0
Brazil,2013,3.0,42.84,91.36000000000001,39.6,0.37,0.303,24.400000000000002,5.88,7.734999999999999,0,0.42840000000000006,0.6090666666666668,0.0021447937013968233,3,0,0,1,0.26947239685069846,0
Brazil,2014,0.5,43.8,94.08,42.0,0.444,0.363,24.080000000000002,6.06,7.819999999999999,0,0.43799999999999994,0.6272,0.002572167655622305,3,0,0,1,0.27704608382781115,0
Brazil,2015,-3.5,44.699999999999996,97.04,44.6,0.532,0.435,23.76,6.3,7.905,0,0.44699999999999995,0.6469333333333334,0.003082109423948697,3,0,0,1,0.28502105471197436,0
Brazil,2016,-3.3,45.42,97.52000000000001,48.400000000000006,0.64,0.5219999999999999,23.44,6.54,7.99,0,0.4542,0.6501333333333335,0.0037043452622268084,3,0,0,1,0.28773217263111345,0
Brazil,2017,1.3,52.379999999999995,96.4,52.0,0.768,0.774,23.44,6.84,8.075,0,0.5237999999999999,0.6426666666666667,0.004835071683927321,3,0,0,1,0.2999775358419636,0
Brazil,2018,1.8,53.4,99.04,55.0,0.922,1.08,23.200000000000003,7.14,8.16,0,0.534,0.6602666666666667,0.006202905594663325,3,0,0,1,0.3079814527973317,0
Brazil,2019,1.2,54.48,103.12,59.0,1.1059999999999999,1.5,22.8,7.4399999999999995,8.245,0,0.5448,0.6874666666666667,0.007980860483544024,3,0,0,1,0.31919043024177207,0
Brazil,2020,-3.9,54.6,104.72000000000001,62.400000000000006,1.328,2.037,22.400000000000002,7.919999999999999,8.16,0,0.546,0.6981333333333334,0.01020593004828069,3,0,0,1,0.3237429650241404,1
Brazil,2021,4.6,55.199999999999996,106.24000000000001,66.4,1.5919999999999999,2.8049999999999997,22.240000000000002,8.459999999999999,8.33,0,0.5519999999999999,0.7082666666666667,0.013193758522831976,3,0,0,1,0.329476879261416,0
Brazil,2022,2.9,55.5,108.24000000000001,71.0,1.912,3.576,22.0,8.94,8.5,0,0.555,0.7216,0.016392999299745695,3,0,0,1,0.33567649964987284,0
Brazil,2023,2.9,55.8,109.60000000000001,76.0,2.294,4.542,21.76,9.299999999999999,8.584999999999999,0,0.5579999999999999,0.7306666666666667,0.020332586241845724,3,0,0,1,0.34096629312092286,0
Brazil,2024,2.2,56.1,110.4,81.0,2.752,5.679,21.6,9.66,8.67,0,0.561,0.736,0.025,3,0,0,1,0.34550000000000003,0
